instanceType,kflops
novirt,1576565.483
pv-small,414713.10972
pv-medium,1022695.53468
pv-large,1026737.57087

